Accession,Code,Catalog,Section,Page
253,E,422,SKINS,20
253,E,434,SKINS,20
253,E,409,SKINS,20
253,E,425,SKINS,20
253,E,433,SKINS,20
253,G,426,SKINS,20
253,E,419,SKINS,20
253,E,416,SKINS,20
253,E,407,SKINS,20
253,G,274,SKINS,20
253,G,395,SKINS,20
253,E,408,SKINS,20
253,E,420,SKINS,20
253,G,382,SKINS,20
253,G,351,SKINS,20
253,G,363,SKINS,20
253,E,410,SKINS,20
253,G,365,SKINS,20
253,G,415,SKINS,20
253,E,441,SKINS,20
253,E,421,SKINS,20
253,E,438,SKINS,20
253,G,384,SKINS,20
253,E,428,SKINS,20
253,G,378,SKINS,20
254,E,467,SKINS,21
254,D,445,SKINS,21
254,E,587,SKINS,21
254,E,589,SKINS,21
254,E,593,SKINS,21
254,E,577,SKINS,21
254,E,616,SKINS,21
254,E,571,SKINS,21
254,E,588,SKINS,21
254,E,584,SKINS,21
254,E,614,SKINS,21
254,E,569,SKINS,21
254,E,590,SKINS,21
254,E,605,SKINS,21
254,E,618,SKINS,21
254,E,613,SKINS,21
254,E,601,SKINS,21
254,E,591,SKINS,21
254,E,603,SKINS,21
254,E,573,SKINS,21
254,E,604,SKINS,21
254,E,583,SKINS,21
254,E,565,SKINS,21
254,E,598,SKINS,21
254,E,615,SKINS,21
254,E,581,SKINS,21
254,E,578,SKINS,21
254,E,608,SKINS,21
254,E,572,SKINS,21
254,E,567,SKINS,21
254,E,606,SKINS,21
254,E,568,SKINS,21
254,E,576,SKINS,21
254,E,607,SKINS,21
254,E,592,SKINS,21
254,E,611,SKINS,21
254,E,602,SKINS,21
254,E,566,SKINS,21
254,E,579,SKINS,21
254,E,582,SKINS,21
254,E,597,SKINS,21
254,E,612,SKINS,21
254,E,595,SKINS,21
254,E,586,SKINS,21
254,E,575,SKINS,21
254,E,594,SKINS,21
254,E,580,SKINS,21
346,E,1819,SKINS,30
346,E,1812,SKINS,30
346,E,1814,SKINS,30
346,E,1817,SKINS,30
346,E,1820,SKINS,30
346,E,1816,SKINS,30
346,E,1821,SKINS,30
346,E,1826,SKINS,30
346,E,1825,SKINS,30
526,E,2009,SKINS,38
526,E,2004,SKINS,38
556,E,2201,SKINS,40
556,E,2188,SKINS,40
556,E,2196,SKINS,40
548,E,2101,SKINS,40
556,E,2143,SKINS,40
556,E,2193,SKINS,40
548,E,2103,SKINS,40
556,E,2168,SKINS,40
556,E,2191,SKINS,40
556,E,2154,SKINS,40
556,E,2199,SKINS,40
556,E,2202,SKINS,40
556,E,2142,SKINS,40
556,E,2189,SKINS,40
556,E,2195,SKINS,40
556,E,2194,SKINS,40
556,E,2203,SKINS,40
556,E,2198,SKINS,40
556,E,2161,SKINS,40
556,E,2182,SKINS,40
556,E,2169,SKINS,40
556,E,2132,SKINS,40
556,E,2175,SKINS,40
556,E,2204,SKINS,40
556,E,2162,SKINS,40
955,E,2128,SKINS,40
556,E,2200,SKINS,40
556,E,2197,SKINS,40
556,E,2156,SKINS,40
556,E,2146,SKINS,40
556,E,2192,SKINS,40
556,E,2174,SKINS,40
556,E,2153,SKINS,40
556,E,2160,SKINS,40
556,E,2170,SKINS,40
556,E,2187,SKINS,40
556,E,2178,SKINS,40
556,E,2131,SKINS,40
356,E,2205,SKINS,41
865,E,2735,SKINS,93
865,E,3196,SKINS,93
878,E,3703,SKINS,94
878,E,3697,SKINS,94
